,Day,High,Low,Precip,Month,Year,Days,Date
0,01-Jan-15,33.1,22.1,0,1,2015,1,112015
1,02-Jan-15,41,31.1,0,1,2015,2,212015
2,03-Jan-15,37,22.1,0.62,1,2015,3,312015
3,04-Jan-15,52,35.1,0.57,1,2015,4,412015
4,05-Jan-15,50,17.2,0,1,2015,5,512015
5,06-Jan-15,18.1,15.3,0.02,1,2015,6,612015
7,08-Jan-15,19.2,-0.8,0,1,2015,8,812015
8,09-Jan-15,30.2,19.2,0.01,1,2015,9,912015
9,10-Jan-15,24.3,17.2,0,1,2015,10,1012015
10,11-Jan-15,33.1,15.3,0,1,2015,11,1112015
11,12-Jan-15,37.9,33.1,0.2,1,2015,12,1212015
12,13-Jan-15,35.1,15.3,0,1,2015,13,1312015
14,15-Jan-15,31.1,25.2,0.12,1,2015,15,1512015
15,16-Jan-15,37.9,15.3,0,1,2015,16,1612015
16,17-Jan-15,22.1,9.1,0,1,2015,17,1712015
17,18-Jan-15,51.1,20.1,0.15,1,2015,18,1812015
18,19-Jan-15,46,32,0,1,2015,19,1912015
19,20-Jan-15,39,27.1,0,1,2015,20,2012015
20,21-Jan-15,34,22.1,0,1,2015,21,2112015
22,23-Jan-15,37,24.3,0,1,2015,23,2312015
23,24-Jan-15,34,31.1,0.71,1,2015,24,2412015
24,25-Jan-15,37.9,19.2,0,1,2015,25,2512015
25,26-Jan-15,29.1,11.1,0.1,1,2015,26,2612015
26,27-Jan-15,19.2,14.2,0.95,1,2015,27,2712015
27,28-Jan-15,24.3,13.1,0.01,1,2015,28,2812015
29,30-Jan-15,34,19.2,0.06,1,2015,30,3012015
30,31-Jan-15,21.2,11.1,0.05,1,2015,31,3112015
31,01-Feb-15,30.2,12.2,0,2,2015,1,122015
32,02-Feb-15,31.1,10.2,0.78,2,2015,2,222015
33,03-Feb-15,22.1,6.3,0,2,2015,3,322015
34,04-Feb-15,37.9,14.2,0.01,2,2015,4,422015
35,05-Feb-15,36,7.2,0.09,2,2015,5,522015
37,07-Feb-15,29.1,16.2,0.07,2,2015,7,722015
38,08-Feb-15,29.1,13.1,0.37,2,2015,8,822015
39,09-Feb-15,25.2,14.2,0.88,2,2015,9,922015
40,10-Feb-15,30.2,14.2,0.05,2,2015,10,1022015
41,11-Feb-15,25.2,14.2,0.01,2,2015,11,1122015
42,12-Feb-15,30.2,16.2,0.03,2,2015,12,1222015
43,13-Feb-15,22.1,7.2,0,2,2015,13,1322015
44,14-Feb-15,30.2,3.2,0.23,2,2015,14,1422015
45,15-Feb-15,20.1,-1.8,0.39,2,2015,15,1522015
46,16-Feb-15,19.2,-2.7,0,2,2015,16,1622015
47,17-Feb-15,23.2,10.2,0.02,2,2015,17,1722015
48,18-Feb-15,29.1,17.2,0.01,2,2015,18,1822015
49,19-Feb-15,30.2,10.2,0.06,2,2015,19,1922015
50,20-Feb-15,20.1,5.2,0,2,2015,20,2022015
51,21-Feb-15,34,4.1,0.17,2,2015,21,2122015
52,22-Feb-15,39,28.2,0.11,2,2015,22,2222015
53,23-Feb-15,33.1,4.1,0,2,2015,23,2322015
55,25-Feb-15,35.1,14.2,0.07,2,2015,25,2522015
56,26-Feb-15,22.1,17.2,0.02,2,2015,26,2622015
57,27-Feb-15,27.1,15.3,0,2,2015,27,2722015
58,28-Feb-15,31.1,12.2,0,2,2015,28,2822015
59,01-Mar-15,30.2,12.2,0.17,3,2015,1,132015
60,02-Mar-15,37,26.2,0.01,3,2015,2,232015
61,03-Mar-15,33.1,20.1,0.26,3,2015,3,332015
62,04-Mar-15,43,33.1,0.02,3,2015,4,432015
64,06-Mar-15,24.3,9.1,0,3,2015,6,632015
65,07-Mar-15,37.9,17.2,0,3,2015,7,732015
67,09-Mar-15,48,26.2,0,3,2015,9,932015
68,10-Mar-15,48,31.1,0.06,3,2015,10,1032015
69,11-Mar-15,57,37,0.01,3,2015,11,1132015
70,12-Mar-15,43,25.2,0,3,2015,12,1232015
71,13-Mar-15,39.9,24.3,0,3,2015,13,1332015
72,14-Mar-15,39,31.1,0.8,3,2015,14,1432015
73,15-Mar-15,41,27.1,0.27,3,2015,15,1532015
74,16-Mar-15,45,26.2,0,3,2015,16,1632015
75,17-Mar-15,51.1,28.2,0.14,3,2015,17,1732015
76,18-Mar-15,30.2,22.1,0,3,2015,18,1832015
77,19-Mar-15,34,19.2,0,3,2015,19,1932015
78,20-Mar-15,32,23.2,0.05,3,2015,20,2032015
79,21-Mar-15,41,28.2,0.09,3,2015,21,2132015
80,22-Mar-15,39,21.2,0,3,2015,22,2232015
81,23-Mar-15,33.1,18.1,0,3,2015,23,2332015
82,24-Mar-15,35.1,20.1,0,3,2015,24,2432015
83,25-Mar-15,48.9,28.2,0.04,3,2015,25,2532015
84,26-Mar-15,55.9,37.9,0.8,3,2015,26,2632015
85,27-Mar-15,44.1,37,0.21,3,2015,27,2732015
86,28-Mar-15,39.9,30.2,0.12,3,2015,28,2832015
87,29-Mar-15,42.1,26.2,0,3,2015,29,2932015
89,31-Mar-15,50,37,0,3,2015,31,3132015
90,01-Apr-15,46.9,30.2,0,4,2015,1,142015
91,02-Apr-15,61,30.2,0,4,2015,2,242015
92,03-Apr-15,59,45,0.03,4,2015,3,342015
93,04-Apr-15,52,36,0.39,4,2015,4,442015
94,05-Apr-15,48.9,32,0,4,2015,5,542015
95,06-Apr-15,42.1,36,0,4,2015,6,642015
96,07-Apr-15,42.1,36,0.03,4,2015,7,742015
97,08-Apr-15,42.1,34,0.26,4,2015,8,842015
98,09-Apr-15,37,33.1,0.09,4,2015,9,942015
99,10-Apr-15,55,36,0.09,4,2015,10,1042015
100,11-Apr-15,57,42.1,0,4,2015,11,1142015
101,12-Apr-15,68,39,0,4,2015,12,1242015
102,13-Apr-15,69.1,41,0,4,2015,13,1342015
103,14-Apr-15,64.9,52,0.01,4,2015,14,1442015
104,15-Apr-15,66.9,50,0,4,2015,15,1542015
105,16-Apr-15,60.1,41,0,4,2015,16,1642015
106,17-Apr-15,64.9,46.9,0.06,4,2015,17,1742015
107,18-Apr-15,60.1,43,0,4,2015,18,1842015
108,19-Apr-15,50,41,0,4,2015,19,1942015
109,20-Apr-15,51.1,41,0.61,4,2015,20,2042015
110,21-Apr-15,64.9,46,0.54,4,2015,21,2142015
112,23-Apr-15,51.1,37.9,0,4,2015,23,2342015
114,25-Apr-15,55.9,36,0,4,2015,25,2542015
115,26-Apr-15,55.9,43,0,4,2015,26,2642015
116,27-Apr-15,57,45,0.1,4,2015,27,2742015
117,28-Apr-15,64,42.1,0.07,4,2015,28,2842015
118,29-Apr-15,54,48,0,4,2015,29,2942015
119,30-Apr-15,55,44.1,0,4,2015,30,3042015
120,01-May-15,48.9,39,0,5,2015,1,152015
121,02-May-15,50,39,0,5,2015,2,252015
122,03-May-15,66.9,45,0,5,2015,3,352015
123,04-May-15,84,48.9,0,5,2015,4,452015
124,05-May-15,70,54,0.02,5,2015,5,552015
125,06-May-15,73,52,0,5,2015,6,652015
126,07-May-15,79,53.1,0,5,2015,7,752015
127,08-May-15,71.1,46,0,5,2015,8,852015
128,09-May-15,71.1,46,0,5,2015,9,952015
129,10-May-15,89.1,59,0,5,2015,10,1052015
130,11-May-15,80.1,50,0,5,2015,11,1152015
131,12-May-15,87.1,48,0.02,5,2015,12,1252015
132,13-May-15,69.1,53.1,0,5,2015,13,1352015
133,14-May-15,69.1,48.9,0,5,2015,14,1452015
134,15-May-15,66.9,48,0,5,2015,15,1552015
136,17-May-15,66.9,52,0,5,2015,17,1752015
137,18-May-15,57.9,48.9,0,5,2015,18,1852015
138,19-May-15,64.9,52,0.27,5,2015,19,1952015
139,20-May-15,66,51.1,0,5,2015,20,2052015
140,21-May-15,66.9,45,0,5,2015,21,2152015
142,23-May-15,64.9,44.1,0,5,2015,23,2352015
143,24-May-15,82.9,51.1,0,5,2015,24,2452015
145,26-May-15,87.1,64,0,5,2015,26,2652015
146,27-May-15,84.9,64.9,0,5,2015,27,2752015
148,29-May-15,72,55,0,5,2015,29,2952015
149,30-May-15,88,57.9,0,5,2015,30,3052015
150,31-May-15,77,48,0.91,5,2015,31,3152015
151,01-Jun-15,48.9,46.9,0.38,6,2015,1,162015
152,02-Jun-15,48.9,46,0.74,6,2015,2,262015
153,03-Jun-15,55.9,46.9,0,6,2015,3,362015
154,04-Jun-15,57.9,48.9,0,6,2015,4,462015
156,06-Jun-15,66.9,52,0.09,6,2015,6,662015
157,07-Jun-15,66.9,53.1,0,6,2015,7,762015
160,10-Jun-15,82,62.1,0,6,2015,10,1062015
161,11-Jun-15,88,64,0,6,2015,11,1162015
162,12-Jun-15,79,64.9,0,6,2015,12,1262015
164,14-Jun-15,73.9,62.1,0,6,2015,14,1462015
165,15-Jun-15,63,54,0.4,6,2015,15,1562015
167,17-Jun-15,69.1,59,0,6,2015,17,1762015
168,18-Jun-15,75.9,57,0,6,2015,18,1862015
169,19-Jun-15,86,63,0,6,2015,19,1962015
170,20-Jun-15,75,57.9,0.04,6,2015,20,2062015
171,21-Jun-15,75.9,60.1,1.72,6,2015,21,2162015
172,22-Jun-15,77,61,0,6,2015,22,2262015
173,23-Jun-15,88,60.1,0.01,6,2015,23,2362015
174,24-Jun-15,84,66.9,0,6,2015,24,2462015
175,25-Jun-15,81,64,0,6,2015,25,2562015
177,27-Jun-15,68,57,0.2,6,2015,27,2762015
178,28-Jun-15,59,52,1.43,6,2015,28,2862015
180,30-Jun-15,75,60.1,0,6,2015,30,3062015
181,01-Jul-15,82,62.1,0.54,7,2015,1,172015
182,02-Jul-15,80.1,64,0,7,2015,2,272015
183,03-Jul-15,75.9,63,0,7,2015,3,372015
185,05-Jul-15,82.9,61,0,7,2015,5,572015
186,06-Jul-15,80.1,68,0,7,2015,6,672015
187,07-Jul-15,84,64.9,0.02,7,2015,7,772015
189,09-Jul-15,69.1,63,0.15,7,2015,9,972015
190,10-Jul-15,77,60.1,1.12,7,2015,10,1072015
191,11-Jul-15,82.9,68,0,7,2015,11,1172015
192,12-Jul-15,89.1,72,0,7,2015,12,1272015
193,13-Jul-15,77,66.9,0,7,2015,13,1372015
194,14-Jul-15,82,64.9,0.03,7,2015,14,1472015
196,16-Jul-15,68,59,0,7,2015,16,1672015
198,18-Jul-15,78.1,64,0.14,7,2015,18,1872015
202,22-Jul-15,84,69.1,0,7,2015,22,2272015
203,23-Jul-15,82,66.9,0,7,2015,23,2372015
204,24-Jul-15,81,66,0.01,7,2015,24,2472015
205,25-Jul-15,69.1,62.1,0,7,2015,25,2572015
207,27-Jul-15,86,68,0.06,7,2015,27,2772015
208,28-Jul-15,86,70,0,7,2015,28,2872015
209,29-Jul-15,91.9,71.1,0,7,2015,29,2972015
210,30-Jul-15,91,73.9,0.02,7,2015,30,3072015
211,31-Jul-15,89.1,73,0,7,2015,31,3172015
213,02-Aug-15,88,68,0,8,2015,2,282015
214,03-Aug-15,90,68,0,8,2015,3,382015
215,04-Aug-15,89.1,66,0.49,8,2015,4,482015
216,05-Aug-15,84.9,64.9,0,8,2015,5,582015
217,06-Aug-15,82,64.9,0,8,2015,6,682015
218,07-Aug-15,73,64,0,8,2015,7,782015
219,08-Aug-15,75.9,61,0,8,2015,8,882015
220,09-Aug-15,73,62.1,0,8,2015,9,982015
221,10-Aug-15,82.9,63,0,8,2015,10,1082015
222,11-Aug-15,72,64,0.83,8,2015,11,1182015
223,12-Aug-15,84.9,68,0,8,2015,12,1282015
224,13-Aug-15,82,66,0,8,2015,13,1382015
225,14-Aug-15,86,63,0,8,2015,14,1482015
226,15-Aug-15,91,68,0.08,8,2015,15,1582015
227,16-Aug-15,90,66.9,0,8,2015,16,1682015
228,17-Aug-15,91,71.1,0,8,2015,17,1782015
229,18-Aug-15,87.1,71.1,0.14,8,2015,18,1882015
230,19-Aug-15,88,71.1,0,8,2015,19,1982015
231,20-Aug-15,78.1,68,0,8,2015,20,2082015
232,21-Aug-15,82.9,66.9,0.63,8,2015,21,2182015
234,23-Aug-15,71.1,66.9,0.02,8,2015,23,2382015
236,25-Aug-15,81,66.9,0,8,2015,25,2582015
238,27-Aug-15,82,64.9,0,8,2015,27,2782015
239,28-Aug-15,75,64,0,8,2015,28,2882015
240,29-Aug-15,82,63,0,8,2015,29,2982015
241,30-Aug-15,88,69.1,0,8,2015,30,3082015
242,31-Aug-15,90,71.1,0,8,2015,31,3182015
243,01-Sep-15,79,69.1,0,9,2015,1,192015
244,02-Sep-15,91,66,0,9,2015,2,292015
245,03-Sep-15,82,70,0.01,9,2015,3,392015
247,05-Sep-15,73,57.9,0,9,2015,5,592015
248,06-Sep-15,82,61,0,9,2015,6,692015
249,07-Sep-15,93,66,0,9,2015,7,792015
250,08-Sep-15,96.1,72,0.2,9,2015,8,892015
251,09-Sep-15,93,72,0,9,2015,9,992015
252,10-Sep-15,77,64,0.17,9,2015,10,1092015
253,11-Sep-15,73,63,0.66,9,2015,11,1192015
254,12-Sep-15,71.1,60.1,0.01,9,2015,12,1292015
255,13-Sep-15,66,63,0.38,9,2015,13,1392015
256,14-Sep-15,72,57,0,9,2015,14,1492015
257,15-Sep-15,84,62.1,0,9,2015,15,1592015
258,16-Sep-15,81,64.9,0,9,2015,16,1692015
259,17-Sep-15,89.1,64,0,9,2015,17,1792015
260,18-Sep-15,84.9,64.9,0,9,2015,18,1892015
261,19-Sep-15,79,62.1,0,9,2015,19,1992015
263,21-Sep-15,66,53.1,0,9,2015,21,2192015
264,22-Sep-15,68,55.9,0,9,2015,22,2292015
265,23-Sep-15,68,54,0,9,2015,23,2392015
266,24-Sep-15,73.9,57.9,0,9,2015,24,2492015
267,25-Sep-15,66,55,0,9,2015,25,2592015
268,26-Sep-15,63,50,0,9,2015,26,2692015
269,27-Sep-15,64,48,0,9,2015,27,2792015
270,28-Sep-15,78.1,55.9,0,9,2015,28,2892015
271,29-Sep-15,84,64.9,0.04,9,2015,29,2992015
272,30-Sep-15,78.1,57,2.46,9,2015,30,3092015
274,02-Oct-15,54,50,0.08,10,2015,2,2102015
275,03-Oct-15,54,48.9,0.01,10,2015,3,3102015
276,04-Oct-15,55.9,51.1,0,10,2015,4,4102015
277,05-Oct-15,61,48,0,10,2015,5,5102015
278,06-Oct-15,64,48,0,10,2015,6,6102015
279,07-Oct-15,72,52,0,10,2015,7,7102015
280,08-Oct-15,62.1,51.1,0,10,2015,8,8102015
281,09-Oct-15,72,52,0.34,10,2015,9,9102015
282,10-Oct-15,61,48,0,10,2015,10,10102015
283,11-Oct-15,68,48,0,10,2015,11,11102015
284,12-Oct-15,75.9,51.1,0,10,2015,12,12102015
285,13-Oct-15,72,55,0.12,10,2015,13,13102015
286,14-Oct-15,68,51.1,0,10,2015,14,14102015
287,15-Oct-15,62.1,46.9,0,10,2015,15,15102015
290,18-Oct-15,46.9,33.1,0,10,2015,18,18102015
291,19-Oct-15,48,31.1,0,10,2015,19,19102015
293,21-Oct-15,61,53.1,0.07,10,2015,21,21102015
295,23-Oct-15,59,39.9,0,10,2015,23,23102015
296,24-Oct-15,48.9,37.9,0,10,2015,24,24102015
297,25-Oct-15,63,48,0.03,10,2015,25,25102015
298,26-Oct-15,52,43,0,10,2015,26,26102015
299,27-Oct-15,54,37.9,0,10,2015,27,27102015
300,28-Oct-15,64.9,42.1,0.36,10,2015,28,28102015
301,29-Oct-15,75,57,0.73,10,2015,29,29102015
302,30-Oct-15,61,42.1,0,10,2015,30,30102015
303,31-Oct-15,52,37.9,0,10,2015,31,31102015
305,02-Nov-15,64,51.1,0,11,2015,2,2112015
306,03-Nov-15,73,46.9,0,11,2015,3,3112015
307,04-Nov-15,60.1,48.9,0,11,2015,4,4112015
308,05-Nov-15,75.9,50,0,11,2015,5,5112015
309,06-Nov-15,73,62.1,0,11,2015,6,6112015
310,07-Nov-15,69.1,50,0,11,2015,7,7112015
311,08-Nov-15,55.9,44.1,0,11,2015,8,8112015
312,09-Nov-15,60.1,41,0,11,2015,9,9112015
313,10-Nov-15,53.1,44.1,0.07,11,2015,10,10112015
314,11-Nov-15,50,46,0.54,11,2015,11,11112015
315,12-Nov-15,57,46,0.04,11,2015,12,12112015
316,13-Nov-15,59,46,0.01,11,2015,13,13112015
317,14-Nov-15,46.9,37,0,11,2015,14,14112015
318,15-Nov-15,54,37,0,11,2015,15,15112015
319,16-Nov-15,61,39,0,11,2015,16,16112015
320,17-Nov-15,45,33.1,0,11,2015,17,17112015
321,18-Nov-15,48,31.1,0,11,2015,18,18112015
323,20-Nov-15,61,44.1,0.86,11,2015,20,20112015
324,21-Nov-15,48,37.9,0,11,2015,21,21112015
325,22-Nov-15,48.9,36,0.3,11,2015,22,22112015
326,23-Nov-15,42.1,30.2,0.04,11,2015,23,23112015
327,24-Nov-15,44.1,29.1,0,11,2015,24,24112015
328,25-Nov-15,44.1,30.2,0,11,2015,25,25112015
329,26-Nov-15,59,37.9,0,11,2015,26,26112015
330,27-Nov-15,64,48,0,11,2015,27,27112015
331,28-Nov-15,60.1,41,0.21,11,2015,28,28112015
332,29-Nov-15,44.1,32,0,11,2015,29,29112015
333,30-Nov-15,37.9,28.2,0,11,2015,30,30112015
334,01-Dec-15,45,32,0.14,12,2015,1,1122015
335,02-Dec-15,51.1,39,0.32,12,2015,2,2122015
337,04-Dec-15,48,37.9,0,12,2015,4,4122015
338,05-Dec-15,53.1,39,0,12,2015,5,5122015
339,06-Dec-15,59,36,0,12,2015,6,6122015
340,07-Dec-15,55.9,37,0,12,2015,7,7122015
344,11-Dec-15,57.9,43,0,12,2015,11,11122015
345,12-Dec-15,61,48.9,0,12,2015,12,12122015
346,13-Dec-15,53.1,46,0,12,2015,13,13122015
347,14-Dec-15,57.9,46,0.42,12,2015,14,14122015
348,15-Dec-15,61,48,0.19,12,2015,15,15122015
349,16-Dec-15,48,37.9,0,12,2015,16,16122015
350,17-Dec-15,52,39,0.55,12,2015,17,17122015
351,18-Dec-15,52,39,0.04,12,2015,18,18122015
352,19-Dec-15,39.9,33.1,0,12,2015,19,19122015
353,20-Dec-15,41,31.1,0,12,2015,20,20122015
354,21-Dec-15,53.1,32,0,12,2015,21,21122015
355,22-Dec-15,60.1,48,0.23,12,2015,22,22122015
356,23-Dec-15,55.9,45,0.76,12,2015,23,23122015
357,24-Dec-15,69.1,48,0.24,12,2015,24,24122015
358,25-Dec-15,62.1,48.9,0,12,2015,25,25122015
359,26-Dec-15,55,41,0,12,2015,26,26122015
360,27-Dec-15,50,37.9,0.26,12,2015,27,27122015
362,29-Dec-15,39.9,24.3,1.02,12,2015,29,29122015
363,30-Dec-15,37,25.2,0.03,12,2015,30,30122015
364,31-Dec-15,46.9,33.1,0.08,12,2015,31,31122015
365,01-Jan-16,41,33.1,0,1,2016,1,112016
366,02-Jan-16,39.9,31.1,0,1,2016,2,212016
367,03-Jan-16,44.1,31.1,0,1,2016,3,312016
369,05-Jan-16,26.2,8.2,0,1,2016,5,512016
370,06-Jan-16,45,21.2,0,1,2016,6,612016
371,07-Jan-16,43,26.2,0,1,2016,7,712016
372,08-Jan-16,42.1,30.2,0,1,2016,8,812016
373,09-Jan-16,41,37.9,0.01,1,2016,9,912016
374,10-Jan-16,57.9,37.9,1.38,1,2016,10,1012016
375,11-Jan-16,51.1,25.2,0,1,2016,11,1112016
376,12-Jan-16,37,21.2,0.08,1,2016,12,1212016
377,13-Jan-16,33.1,21.2,0,1,2016,13,1312016
379,15-Jan-16,42.1,26.2,0,1,2016,15,1512016
380,16-Jan-16,43,34,1.22,1,2016,16,1612016
381,17-Jan-16,37.9,29.1,0.1,1,2016,17,1712016
382,18-Jan-16,29.1,19.2,0.11,1,2016,18,1812016
383,19-Jan-16,25.2,16.2,0,1,2016,19,1912016
384,20-Jan-16,33.1,19.2,0,1,2016,20,2012016
385,21-Jan-16,33.1,21.2,0,1,2016,21,2112016
386,22-Jan-16,32,19.2,0,1,2016,22,2212016
387,23-Jan-16,32,20.1,0.37,1,2016,23,2312016
389,25-Jan-16,35.1,26.2,0,1,2016,25,2512016
390,26-Jan-16,51.1,28.2,0,1,2016,26,2612016
391,27-Jan-16,45,31.1,0,1,2016,27,2712016
392,28-Jan-16,42.1,26.2,0,1,2016,28,2812016
393,29-Jan-16,41,33.1,0,1,2016,29,2912016
394,30-Jan-16,43,30.2,0,1,2016,30,3012016
395,31-Jan-16,57,37.9,0,1,2016,31,3112016
396,01-Feb-16,64.9,39,0,2,2016,1,122016
397,02-Feb-16,50,36,0,2,2016,2,222016
398,03-Feb-16,57,35.1,0.33,2,2016,3,322016
399,04-Feb-16,55.9,43,0.01,2,2016,4,422016
400,05-Feb-16,43,25.2,0.96,2,2016,5,522016
401,06-Feb-16,35.1,24.3,0,2,2016,6,622016
402,07-Feb-16,44.1,29.1,0,2,2016,7,722016
403,08-Feb-16,37.9,18.1,0.53,2,2016,8,822016
406,11-Feb-16,31.1,11.1,0.01,2,2016,11,1122016
407,12-Feb-16,24.3,8.2,0,2,2016,12,1222016
408,13-Feb-16,24.3,-3.8,0,2,2016,13,1322016
409,14-Feb-16,12.2,-8.9,0,2,2016,14,1422016
410,15-Feb-16,35.1,4.1,0.26,2,2016,15,1522016
411,16-Feb-16,54,31.1,0.66,2,2016,16,1622016
412,17-Feb-16,46,34,0,2,2016,17,1722016
413,18-Feb-16,35.1,24.3,0,2,2016,18,1822016
415,20-Feb-16,60.1,33.1,0.01,2,2016,20,2022016
416,21-Feb-16,54,42.1,0,2,2016,21,2122016
417,22-Feb-16,43,30.2,0,2,2016,22,2222016
419,24-Feb-16,57,37.9,0.59,2,2016,24,2422016
420,25-Feb-16,62.1,41,0.81,2,2016,25,2522016
421,26-Feb-16,41,26.2,0,2,2016,26,2622016
422,27-Feb-16,39,21.2,0,2,2016,27,2722016
423,28-Feb-16,57.9,36,0,2,2016,28,2822016
424,01-Mar-16,48.9,34,0,3,2016,1,132016
425,02-Mar-16,53.1,25.2,0.37,3,2016,2,232016
426,03-Mar-16,34,21.2,0,3,2016,3,332016
427,04-Mar-16,31.1,26.2,0.01,3,2016,4,432016
428,05-Mar-16,34,23.2,0,3,2016,5,532016
429,06-Mar-16,42.1,30.2,0,3,2016,6,632016
430,07-Mar-16,51.1,30.2,0,3,2016,7,732016
431,08-Mar-16,48,36,0,3,2016,8,832016
432,09-Mar-16,77,39.9,0,3,2016,9,932016
433,10-Mar-16,66,46.9,0.4,3,2016,10,1032016
434,11-Mar-16,50,41,0.09,3,2016,11,1132016
435,12-Mar-16,60.1,36,0,3,2016,12,1232016
436,13-Mar-16,63,45,0,3,2016,13,1332016
437,14-Mar-16,45,39,0.21,3,2016,14,1432016
438,15-Mar-16,45,41,1.14,3,2016,15,1532016
439,16-Mar-16,48,41,0.03,3,2016,16,1632016
440,17-Mar-16,64,43,0.07,3,2016,17,1732016
441,18-Mar-16,52,35.1,0.03,3,2016,18,1832016
442,19-Mar-16,45,29.1,0,3,2016,19,1932016
443,20-Mar-16,35.1,26.2,0.02,3,2016,20,2032016
444,21-Mar-16,44.1,28.2,0.22,3,2016,21,2132016
445,22-Mar-16,48.9,33.1,0,3,2016,22,2232016
448,25-Mar-16,46,37,0.16,3,2016,25,2532016
449,26-Mar-16,43,34,0,3,2016,26,2632016
450,27-Mar-16,42.1,34,0,3,2016,27,2732016
451,28-Mar-16,46.9,37.9,0.41,3,2016,28,2832016
452,29-Mar-16,51.1,37.9,0,3,2016,29,2932016
453,30-Mar-16,59,34,0,3,2016,30,3032016
454,31-Mar-16,71.1,43,0,3,2016,31,3132016
455,01-Apr-16,69.1,59,0.05,4,2016,1,142016
456,02-Apr-16,59,42.1,0.32,4,2016,2,242016
457,03-Apr-16,43,29.1,0.49,4,2016,3,342016
458,04-Apr-16,30.2,24.3,0.41,4,2016,4,442016
459,05-Apr-16,37,22.1,0,4,2016,5,542016
460,06-Apr-16,42.1,25.2,0,4,2016,6,642016
461,07-Apr-16,57.9,42.1,1.03,4,2016,7,742016
463,09-Apr-16,46,32,0,4,2016,9,942016
464,10-Apr-16,48.9,31.1,0,4,2016,10,1042016
465,11-Apr-16,60.1,42.1,0.01,4,2016,11,1142016
466,12-Apr-16,60.1,43,0.22,4,2016,12,1242016
467,13-Apr-16,50,37.9,0,4,2016,13,1342016
468,14-Apr-16,48.9,37.9,0,4,2016,14,1442016
469,15-Apr-16,54,37.9,0,4,2016,15,1542016
470,16-Apr-16,54,41,0,4,2016,16,1642016
471,17-Apr-16,54,39,0,4,2016,17,1742016
472,18-Apr-16,66.9,42.1,0,4,2016,18,1842016
473,19-Apr-16,54,44.1,0.02,4,2016,19,1942016
474,20-Apr-16,51.1,44.1,0,4,2016,20,2042016
475,21-Apr-16,77,43,0,4,2016,21,2142016
477,23-Apr-16,64,48,0.09,4,2016,23,2342016
478,24-Apr-16,50,42.1,0,4,2016,24,2442016
479,25-Apr-16,57,44.1,0,4,2016,25,2542016
480,26-Apr-16,51.1,37,0.27,4,2016,26,2642016
481,27-Apr-16,62.1,37,0,4,2016,27,2742016
482,28-Apr-16,54,41,0,4,2016,28,2842016
483,29-Apr-16,51.1,43,0,4,2016,29,2942016
484,30-Apr-16,55,41,0,4,2016,30,3042016
485,01-May-16,53.1,43,0.1,5,2016,1,152016
486,02-May-16,51.1,43,0.39,5,2016,2,252016
487,03-May-16,48.9,45,0.1,5,2016,3,352016
488,04-May-16,50,43,0.48,5,2016,4,452016
489,05-May-16,46.9,44.1,0.15,5,2016,5,552016
490,06-May-16,53.1,46,0.09,5,2016,6,652016
492,08-May-16,63,46,0.02,5,2016,8,852016
493,09-May-16,66,46,0,5,2016,9,952016
494,10-May-16,71.1,46.9,0,5,2016,10,1052016
495,11-May-16,68,54,0,5,2016,11,1152016
496,12-May-16,66,54,0,5,2016,12,1252016
497,13-May-16,73.9,52,0.11,5,2016,13,1352016
499,15-May-16,61,45,0,5,2016,15,1552016
500,16-May-16,59,42.1,0,5,2016,16,1652016
501,17-May-16,70,50,0,5,2016,17,1752016
502,18-May-16,59,48.9,0,5,2016,18,1852016
504,20-May-16,71.1,51.1,0,5,2016,20,2052016
505,21-May-16,75.9,53.1,0,5,2016,21,2152016
507,23-May-16,73,51.1,0,5,2016,23,2352016
508,24-May-16,59,52,0.26,5,2016,24,2452016
509,25-May-16,88,53.1,0,5,2016,25,2552016
510,26-May-16,79,57.9,0,5,2016,26,2652016
511,27-May-16,73,57.9,0,5,2016,27,2752016
512,28-May-16,91.9,66.9,0,5,2016,28,2852016
514,30-May-16,75.9,52,1.13,5,2016,30,3052016
515,31-May-16,87.1,68,0,5,2016,31,3152016
516,01-Jun-16,73,57,0,6,2016,1,162016
517,02-Jun-16,62.1,55.9,0,6,2016,2,262016
518,03-Jun-16,70,57,0,6,2016,3,362016
519,04-Jun-16,70,61,0,6,2016,4,462016
520,05-Jun-16,68,60.1,0.91,6,2016,5,562016
521,06-Jun-16,84,64.9,0,6,2016,6,662016
522,07-Jun-16,86,63,0.15,6,2016,7,762016
524,09-Jun-16,69.1,54,0,6,2016,9,962016
525,10-Jun-16,72,55,0,6,2016,10,1062016
526,11-Jun-16,68,54,0.02,6,2016,11,1162016
527,12-Jun-16,80.1,55,0,6,2016,12,1262016
528,13-Jun-16,73,54,0,6,2016,13,1362016
529,14-Jun-16,79,55,0,6,2016,14,1462016
530,15-Jun-16,84.9,66,0,6,2016,15,1562016
531,16-Jun-16,77,61,0,6,2016,16,1662016
532,17-Jun-16,73.9,59,0.12,6,2016,17,1762016
533,18-Jun-16,72,60.1,0,6,2016,18,1862016
534,19-Jun-16,82,57,0,6,2016,19,1962016
535,20-Jun-16,82.9,60.1,0,6,2016,20,2062016
536,21-Jun-16,87.1,64,0.02,6,2016,21,2162016
538,23-Jun-16,77,60.1,0,6,2016,23,2362016
539,24-Jun-16,72,61,0,6,2016,24,2462016
540,25-Jun-16,73,59,0,6,2016,25,2562016
541,26-Jun-16,84,59,0,6,2016,26,2662016
542,27-Jun-16,86,64,0,6,2016,27,2762016
543,28-Jun-16,79,68,0.08,6,2016,28,2862016
544,29-Jun-16,87.1,66.9,0.03,6,2016,29,2962016
545,30-Jun-16,81,68,0,6,2016,30,3062016
546,01-Jul-16,86,68,0.2,7,2016,1,172016
547,02-Jul-16,80.1,64.9,0,7,2016,2,272016
548,03-Jul-16,84,64,0,7,2016,3,372016
549,04-Jul-16,88,66,0,7,2016,4,472016
550,05-Jul-16,75.9,64,0.23,7,2016,5,572016
551,06-Jul-16,93.9,71.1,0,7,2016,6,672016
552,07-Jul-16,79,61,0,7,2016,7,772016
553,08-Jul-16,66.9,61,0.02,7,2016,8,872016
554,09-Jul-16,64.9,59,0.11,7,2016,9,972016
555,10-Jul-16,64,59,0.09,7,2016,10,1072016
557,12-Jul-16,88,64.9,0,7,2016,12,1272016
558,13-Jul-16,91.9,64.9,0,7,2016,13,1372016
560,15-Jul-16,96.1,72,0,7,2016,15,1572016
561,16-Jul-16,93.9,75,0,7,2016,16,1672016
562,17-Jul-16,79,68,0,7,2016,17,1772016
563,18-Jul-16,95,66.9,0.01,7,2016,18,1872016
564,19-Jul-16,84,68,0,7,2016,19,1972016
565,20-Jul-16,84,64.9,0,7,2016,20,2072016
566,21-Jul-16,91,66.9,0,7,2016,21,2172016
567,22-Jul-16,98.1,73,0,7,2016,22,2272016
569,24-Jul-16,91,68,0,7,2016,24,2472016
570,25-Jul-16,91.9,66.9,0,7,2016,25,2572016
571,26-Jul-16,93.9,75.9,0,7,2016,26,2672016
572,27-Jul-16,87.1,73,0,7,2016,27,2772016
573,28-Jul-16,91.9,73,0,7,2016,28,2872016
574,29-Jul-16,79,72,0.06,7,2016,29,2972016
575,30-Jul-16,80.1,71.1,0,7,2016,30,3072016
576,31-Jul-16,73.9,68,0.15,7,2016,31,3172016
578,02-Aug-16,73.9,64.9,0.04,8,2016,2,282016
579,03-Aug-16,79,62.1,0,8,2016,3,382016
580,04-Aug-16,82,64,0,8,2016,4,482016
581,05-Aug-16,89.1,64,0,8,2016,5,582016
582,06-Aug-16,89.1,70,0.02,8,2016,6,682016
583,07-Aug-16,89.1,72,0,8,2016,7,782016
584,08-Aug-16,82,69.1,0,8,2016,8,882016
585,09-Aug-16,84,70,0,8,2016,9,982016
586,10-Aug-16,80.1,68,0.23,8,2016,10,1082016
587,11-Aug-16,96.1,75,0,8,2016,11,1182016
588,12-Aug-16,98.1,78.1,0.01,8,2016,12,1282016
589,13-Aug-16,82,68,0.34,8,2016,13,1382016
590,14-Aug-16,96.1,69.1,0.18,8,2016,14,1482016
591,15-Aug-16,90,73,0,8,2016,15,1582016
593,17-Aug-16,84.9,72,0,8,2016,17,1782016
595,19-Aug-16,81,66.9,0,8,2016,19,1982016
596,20-Aug-16,86,66,0,8,2016,20,2082016
597,21-Aug-16,78.1,64.9,0.01,8,2016,21,2182016
598,22-Aug-16,80.1,64.9,0.89,8,2016,22,2282016
599,23-Aug-16,82,61,0,8,2016,23,2382016
600,24-Aug-16,88,64.9,0,8,2016,24,2482016
601,25-Aug-16,88,68,0,8,2016,25,2582016
602,26-Aug-16,91,73,0,8,2016,26,2682016
603,27-Aug-16,82.9,69.1,0,8,2016,27,2782016
604,28-Aug-16,78.1,66,0,8,2016,28,2882016
605,29-Aug-16,90,69.1,0,8,2016,29,2982016
606,30-Aug-16,77,64,0,8,2016,30,3082016
608,01-Sep-16,75.9,68,0.02,9,2016,1,192016
609,02-Sep-16,75,64,0,9,2016,2,292016
610,03-Sep-16,70,60.1,0,9,2016,3,392016
611,04-Sep-16,72,60.1,0,9,2016,4,492016
612,05-Sep-16,73.9,60.1,0.07,9,2016,5,592016
613,06-Sep-16,72,63,0.14,9,2016,6,692016
614,07-Sep-16,75.9,64.9,0.03,9,2016,7,792016
617,10-Sep-16,78.1,70,0.01,9,2016,10,1092016
618,11-Sep-16,82.9,63,0.03,9,2016,11,1192016
619,12-Sep-16,72,59,0,9,2016,12,1292016
620,13-Sep-16,82.9,60.1,0,9,2016,13,1392016
621,14-Sep-16,90,62.1,0.06,9,2016,14,1492016
622,15-Sep-16,66,57,0,9,2016,15,1592016
623,16-Sep-16,70,54,0,9,2016,16,1692016
624,17-Sep-16,78.1,55,0,9,2016,17,1792016
626,19-Sep-16,73.9,66.9,0.33,9,2016,19,1992016
627,20-Sep-16,75,66.9,0,9,2016,20,2092016
628,21-Sep-16,82.9,69.1,0,9,2016,21,2192016
629,22-Sep-16,79,61,0,9,2016,22,2292016
630,23-Sep-16,82,55.9,0.34,9,2016,23,2392016
632,25-Sep-16,66,48.9,0,9,2016,25,2592016
633,26-Sep-16,64,48,0,9,2016,26,2692016
634,27-Sep-16,72,59,0.22,9,2016,27,2792016
636,29-Sep-16,60.1,54,0,9,2016,29,2992016
637,30-Sep-16,62.1,55.9,0.13,9,2016,30,3092016
638,01-Oct-16,59,54,0.71,10,2016,1,1102016
639,02-Oct-16,57,53.1,0.03,10,2016,2,2102016
640,03-Oct-16,68,55,0,10,2016,3,3102016
642,05-Oct-16,60.1,48,0,10,2016,5,5102016
643,06-Oct-16,66.9,48.9,0,10,2016,6,6102016
644,07-Oct-16,68,53.1,0,10,2016,7,7102016
645,08-Oct-16,68,52,0.01,10,2016,8,8102016
646,09-Oct-16,64.9,48,1.84,10,2016,9,9102016
647,10-Oct-16,59,45,0,10,2016,10,10102016
648,11-Oct-16,59,44.1,0,10,2016,11,11102016
649,12-Oct-16,62.1,48,0,10,2016,12,12102016
651,14-Oct-16,60.1,46,0,10,2016,14,14102016
652,15-Oct-16,55.9,42.1,0,10,2016,15,15102016
653,16-Oct-16,71.1,46,0,10,2016,16,16102016
655,18-Oct-16,69.1,57,0.14,10,2016,18,18102016
656,19-Oct-16,81,62.1,0,10,2016,19,19102016
657,20-Oct-16,62.1,55.9,0.08,10,2016,20,20102016
658,21-Oct-16,75,59,1.11,10,2016,21,21102016
659,22-Oct-16,64.9,44.1,0.15,10,2016,22,22102016
660,23-Oct-16,57.9,44.1,0,10,2016,23,23102016
661,24-Oct-16,61,46,0,10,2016,24,24102016
662,25-Oct-16,48.9,39,0,10,2016,25,25102016
663,26-Oct-16,48.9,37,0,10,2016,26,26102016
664,27-Oct-16,48.9,34,0.65,10,2016,27,27102016
665,28-Oct-16,55,44.1,0.61,10,2016,28,28102016
667,30-Oct-16,64.9,46,0.13,10,2016,30,30102016
668,31-Oct-16,52,37.9,0,10,2016,31,31102016
669,01-Nov-16,51.1,34,0,11,2016,1,1112016
670,02-Nov-16,70,45,0,11,2016,2,2112016
671,03-Nov-16,64,51.1,0.08,11,2016,3,3112016
672,04-Nov-16,57,39,0,11,2016,4,4112016
673,05-Nov-16,57,35.1,0,11,2016,5,5112016
674,06-Nov-16,52,43,0.09,11,2016,6,6112016
675,07-Nov-16,46.9,36,0,11,2016,7,7112016
676,08-Nov-16,59,37.9,0,11,2016,8,8112016
677,09-Nov-16,62.1,44.1,0.01,11,2016,9,9112016
679,11-Nov-16,60.1,37.9,0,11,2016,11,11112016
680,12-Nov-16,48,34,0,11,2016,12,12112016
681,13-Nov-16,60.1,41,0,11,2016,13,13112016
682,14-Nov-16,66,39,0,11,2016,14,14112016
683,15-Nov-16,57.9,46,0.99,11,2016,15,15112016
684,16-Nov-16,55,51.1,0.03,11,2016,16,16112016
685,17-Nov-16,57,45,0,11,2016,17,17112016
686,18-Nov-16,63,43,0,11,2016,18,18112016
688,20-Nov-16,48.9,32,0.08,11,2016,20,20112016
690,22-Nov-16,43,32,0,11,2016,22,22112016
691,23-Nov-16,45,33.1,0,11,2016,23,23112016
692,24-Nov-16,44.1,33.1,0.05,11,2016,24,24112016
693,25-Nov-16,48,39,0.03,11,2016,25,25112016
694,26-Nov-16,46.9,37.9,0,11,2016,26,26112016
695,27-Nov-16,46,36,0,11,2016,27,27112016
696,28-Nov-16,46,33.1,0,11,2016,28,28112016
697,29-Nov-16,57.9,33.1,0.43,11,2016,29,29112016
698,30-Nov-16,52,42.1,0.91,11,2016,30,30112016
699,01-Dec-16,57,43,0.31,12,2016,1,1122016
700,02-Dec-16,51.1,37.9,0,12,2016,2,2122016
701,03-Dec-16,44.1,35.1,0,12,2016,3,3122016
702,04-Dec-16,42.1,31.1,0,12,2016,4,4122016
703,05-Dec-16,39.9,31.1,0.14,12,2016,5,5122016
704,06-Dec-16,44.1,34,0,12,2016,6,6122016
705,07-Dec-16,42.1,36,0.08,12,2016,7,7122016
706,08-Dec-16,43,34,0,12,2016,8,8122016
707,09-Dec-16,37,25.2,0,12,2016,9,9122016
708,10-Dec-16,29.1,21.2,0,12,2016,10,10122016
709,11-Dec-16,35.1,20.1,0.02,12,2016,11,11122016
710,12-Dec-16,44.1,29.1,0.42,12,2016,12,12122016
711,13-Dec-16,43,35.1,0,12,2016,13,13122016
712,14-Dec-16,42.1,27.1,0,12,2016,14,14122016
714,16-Dec-16,21.2,4.1,0,12,2016,16,16122016
715,17-Dec-16,36,21.2,0.53,12,2016,17,17122016
716,18-Dec-16,57,33.1,0.11,12,2016,18,18122016
717,19-Dec-16,33.1,19.2,0,12,2016,19,19122016
718,20-Dec-16,34,18.1,0,12,2016,20,20122016
719,21-Dec-16,45,29.1,0,12,2016,21,21122016
720,22-Dec-16,39,31.1,0.02,12,2016,22,22122016
721,23-Dec-16,46,35.1,0,12,2016,23,23122016
722,24-Dec-16,45,35.1,0.38,12,2016,24,24122016
723,25-Dec-16,45,27.1,0,12,2016,25,25122016
724,26-Dec-16,48,24.3,0.01,12,2016,26,26122016
726,28-Dec-16,42.1,32,0,12,2016,28,28122016
727,29-Dec-16,43,29.1,1.16,12,2016,29,29122016
729,31-Dec-16,42.1,26.2,0.07,12,2016,31,31122016
730,01-Jan-17,44.1,33.1,0.07,1,2017,1,112017
732,03-Jan-17,44.1,39.9,0.89,1,2017,3,312017
733,04-Jan-17,48,33.1,0.06,1,2017,4,412017
734,05-Jan-17,34,27.1,0,1,2017,5,512017
735,06-Jan-17,31.1,24.3,0.06,1,2017,6,612017
736,07-Jan-17,24.3,17.2,0.53,1,2017,7,712017
737,08-Jan-17,22.1,13.1,0.01,1,2017,8,812017
738,09-Jan-17,20.1,11.1,0,1,2017,9,912017
739,10-Jan-17,39,16.2,0.14,1,2017,10,1012017
740,11-Jan-17,55,39,0.09,1,2017,11,1112017
741,12-Jan-17,61,41,0.15,1,2017,12,1212017
742,13-Jan-17,57.9,25.2,0,1,2017,13,1312017
743,14-Jan-17,31.1,18.1,0,1,2017,14,1412017
744,15-Jan-17,37,27.1,0,1,2017,15,1512017
745,16-Jan-17,42.1,23.2,0,1,2017,16,1612017
746,17-Jan-17,42.1,32,0.3,1,2017,17,1712017
747,18-Jan-17,39.9,32,0.36,1,2017,18,1812017
748,19-Jan-17,46,31.1,0,1,2017,19,1912017
749,20-Jan-17,39.9,34,0,1,2017,20,2012017
750,21-Jan-17,55,37,0,1,2017,21,2112017
751,22-Jan-17,48,39,0.06,1,2017,22,2212017
752,23-Jan-17,39.9,35.1,0.31,1,2017,23,2312017
753,24-Jan-17,42.1,35.1,1.09,1,2017,24,2412017
754,25-Jan-17,44.1,36,0.02,1,2017,25,2512017
755,26-Jan-17,51.1,37,0.05,1,2017,26,2612017
757,28-Jan-17,39.9,32,0,1,2017,28,2812017
758,29-Jan-17,43,30.2,0,1,2017,29,2912017
759,30-Jan-17,36,24.3,0,1,2017,30,3012017
760,31-Jan-17,28.2,20.1,0.06,1,2017,31,3112017
761,01-Feb-17,43,27.1,0.05,2,2017,1,122017
762,02-Feb-17,39.9,29.1,0,2,2017,2,222017
763,03-Feb-17,33.1,25.2,0,2,2017,3,322017
764,04-Feb-17,33.1,21.2,0,2,2017,4,422017
765,05-Feb-17,44.1,26.2,0,2,2017,5,522017
766,06-Feb-17,39,32,0,2,2017,6,622017
767,07-Feb-17,37.9,33.1,0.44,2,2017,7,722017
768,08-Feb-17,52,25.2,0.02,2,2017,8,822017
769,09-Feb-17,39,11.1,1.25,2,2017,9,922017
771,11-Feb-17,30.2,15.3,0.21,2,2017,11,1122017
772,12-Feb-17,35.1,19.2,0.77,2,2017,12,1222017
773,13-Feb-17,34,24.3,0.09,2,2017,13,1322017
774,14-Feb-17,34,22.1,0,2,2017,14,1422017
775,15-Feb-17,39.9,27.1,0.22,2,2017,15,1522017
776,16-Feb-17,35.1,27.1,0.07,2,2017,16,1622017
777,17-Feb-17,41,23.2,0,2,2017,17,1722017
778,18-Feb-17,48.9,26.2,0,2,2017,18,1822017
779,19-Feb-17,59,39,0,2,2017,19,1922017
780,20-Feb-17,48,33.1,0,2,2017,20,2022017
781,21-Feb-17,39.9,30.2,0,2,2017,21,2122017
782,22-Feb-17,55.9,37.9,0,2,2017,22,2222017
783,23-Feb-17,68,39,0,2,2017,23,2322017
784,24-Feb-17,73,46,0,2,2017,24,2422017
785,25-Feb-17,69.1,48.9,0.1,2,2017,25,2522017
786,26-Feb-17,48.9,32,0,2,2017,26,2622017
787,27-Feb-17,55,30.2,0,2,2017,27,2722017
788,28-Feb-17,51.1,39,0,2,2017,28,2822017
789,01-Mar-17,63,48,0.02,3,2017,1,132017
790,02-Mar-17,57.9,31.1,0,3,2017,2,232017
792,04-Mar-17,21.2,10.2,0,3,2017,4,432017
793,05-Mar-17,32,9.1,0,3,2017,5,532017
794,06-Mar-17,37,16.2,0,3,2017,6,632017
795,07-Mar-17,48,30.2,0.02,3,2017,7,732017
796,08-Mar-17,57,43,0.05,3,2017,8,832017
797,09-Mar-17,51.1,37.9,0,3,2017,9,932017
798,10-Mar-17,37.9,23.2,0.2,3,2017,10,1032017
799,11-Mar-17,23.2,10.2,0.02,3,2017,11,1132017
800,12-Mar-17,27.1,9.1,0,3,2017,12,1232017
801,13-Mar-17,34,14.2,0,3,2017,13,1332017
802,14-Mar-17,37.9,27.1,1.62,3,2017,14,1432017
803,15-Mar-17,28.2,19.2,0,3,2017,15,1532017
804,16-Mar-17,35.1,22.1,0,3,2017,16,1632017
805,17-Mar-17,42.1,27.1,0,3,2017,17,1732017
806,18-Mar-17,36,24.3,0,3,2017,18,1832017
807,19-Mar-17,37.9,31.1,0.01,3,2017,19,1932017
808,20-Mar-17,53.1,32,0,3,2017,20,2032017
809,21-Mar-17,53.1,39.9,0,3,2017,21,2132017
811,23-Mar-17,37.9,18.1,0,3,2017,23,2332017
812,24-Mar-17,46.9,27.1,0.03,3,2017,24,2432017
813,25-Mar-17,46.9,34,0.08,3,2017,25,2532017
815,27-Mar-17,44.1,36,0.48,3,2017,27,2732017
816,28-Mar-17,39.9,36,0.72,3,2017,28,2832017
817,29-Mar-17,46.9,37,0.06,3,2017,29,2932017
818,30-Mar-17,48,34,0,3,2017,30,3032017
819,31-Mar-17,39.9,33.1,0.87,3,2017,31,3132017
820,01-Apr-17,37.9,33.1,1.56,4,2017,1,142017
822,03-Apr-17,55,37.9,0,4,2017,3,342017
823,04-Apr-17,43,37.9,0.68,4,2017,4,442017
825,06-Apr-17,53.1,37,1.36,4,2017,6,642017
827,08-Apr-17,48.9,37.9,0,4,2017,8,842017
828,09-Apr-17,66,39.9,0,4,2017,9,942017
829,10-Apr-17,75.9,44.1,0,4,2017,10,1042017
830,11-Apr-17,84,52,0,4,2017,11,1142017
831,12-Apr-17,60.1,48,0.02,4,2017,12,1242017
832,13-Apr-17,59,45,0,4,2017,13,1342017
833,14-Apr-17,60.1,44.1,0,4,2017,14,1442017
836,17-Apr-17,75,48.9,0,4,2017,17,1742017
837,18-Apr-17,51.1,39,0,4,2017,18,1842017
838,19-Apr-17,55.9,39,0.07,4,2017,19,1942017
839,20-Apr-17,55,44.1,0.01,4,2017,20,2042017
840,21-Apr-17,45,44.1,0.51,4,2017,21,2142017
841,22-Apr-17,45,43,0.05,4,2017,22,2242017
842,23-Apr-17,57.9,41,0,4,2017,23,2342017
843,24-Apr-17,64,45,0,4,2017,24,2442017
844,25-Apr-17,50,45,0.89,4,2017,25,2542017
845,26-Apr-17,55.9,45,0.56,4,2017,26,2642017
846,27-Apr-17,59,50,0,4,2017,27,2742017
847,28-Apr-17,82,51.1,0.01,4,2017,28,2842017
848,29-Apr-17,84,59,0,4,2017,29,2942017
849,30-Apr-17,64,45,0.01,4,2017,30,3042017
851,02-May-17,66,44.1,0.19,5,2017,2,252017
852,03-May-17,64,48.9,0,5,2017,3,352017
853,04-May-17,55.9,46,0,5,2017,4,452017
854,05-May-17,51.1,46.9,0.64,5,2017,5,552017
855,06-May-17,64.9,48.9,0.1,5,2017,6,652017
856,07-May-17,64,50,0,5,2017,7,752017
859,10-May-17,55,46.9,0,5,2017,10,1052017
860,11-May-17,54,48,0,5,2017,11,1152017
861,12-May-17,53.1,46.9,0.01,5,2017,12,1252017
862,13-May-17,53.1,45,0.02,5,2017,13,1352017
863,14-May-17,51.1,46,0.95,5,2017,14,1452017
864,15-May-17,61,46.9,0.07,5,2017,15,1552017
865,16-May-17,81,55,0,5,2017,16,1652017
867,18-May-17,95,71.1,0.05,5,2017,18,1852017
868,19-May-17,90,57.9,0.01,5,2017,19,1952017
869,20-May-17,59,52,0,5,2017,20,2052017
870,21-May-17,61,48,0,5,2017,21,2152017
871,22-May-17,55.9,50,0.12,5,2017,22,2252017
873,24-May-17,64,54,0,5,2017,24,2452017
874,25-May-17,55,50,0.63,5,2017,25,2552017
875,26-May-17,60.1,48.9,0.55,5,2017,26,2652017
876,27-May-17,61,53.1,0,5,2017,27,2752017
877,28-May-17,66.9,54,0,5,2017,28,2852017
878,29-May-17,54,48.9,0.05,5,2017,29,2952017
879,30-May-17,59,48.9,0,5,2017,30,3052017
880,31-May-17,68,54,0.06,5,2017,31,3152017
881,01-Jun-17,79,55.9,0.16,6,2017,1,162017
882,02-Jun-17,72,51.1,0.01,6,2017,2,262017
884,04-Jun-17,70,54,0.18,6,2017,4,462017
885,05-Jun-17,57,52,0.59,6,2017,5,562017
886,06-Jun-17,52,46.9,0.8,6,2017,6,662017
887,07-Jun-17,62.1,50,0.04,6,2017,7,762017
888,08-Jun-17,71.1,51.1,0,6,2017,8,862017
889,09-Jun-17,79,55,0,6,2017,9,962017
890,10-Jun-17,84.9,61,0,6,2017,10,1062017
891,11-Jun-17,91.9,66,0,6,2017,11,1162017
892,12-Jun-17,95,71.1,0,6,2017,12,1262017
893,13-Jun-17,95,72,0.53,6,2017,13,1362017
895,15-Jun-17,75,57,0,6,2017,15,1562017
896,16-Jun-17,71.1,57,2.13,6,2017,16,1662017
897,17-Jun-17,69.1,57.9,0.02,6,2017,17,1762017
899,19-Jun-17,84.9,70,0.03,6,2017,19,1962017
900,20-Jun-17,86,68,0.13,6,2017,20,2062017
901,21-Jun-17,84,66.9,0,6,2017,21,2162017
902,22-Jun-17,84,64.9,0,6,2017,22,2262017
904,24-Jun-17,88,71.1,0.08,6,2017,24,2462017
906,26-Jun-17,80.1,62.1,0,6,2017,26,2662017
907,27-Jun-17,77,57.9,0.08,6,2017,27,2762017
908,28-Jun-17,79,57.9,0,6,2017,28,2862017
910,30-Jun-17,84,68,0.07,6,2017,30,3062017
911,01-Jul-17,88,69.1,0.11,7,2017,1,172017
914,04-Jul-17,82,66.9,0,7,2017,4,472017
915,05-Jul-17,79,62.1,0,7,2017,5,572017
916,06-Jul-17,82.9,61,0,7,2017,6,672017
917,07-Jul-17,70,62.1,0.3,7,2017,7,772017
918,08-Jul-17,87.1,63,0.4,7,2017,8,872017
919,09-Jul-17,82.9,66,0,7,2017,9,972017
921,11-Jul-17,82.9,66.9,0.17,7,2017,11,1172017
922,12-Jul-17,82,69.1,1.33,7,2017,12,1272017
923,13-Jul-17,70,57.9,0.14,7,2017,13,1372017
924,14-Jul-17,66.9,60.1,0,7,2017,14,1472017
926,16-Jul-17,81,69.1,0,7,2017,16,1672017
927,17-Jul-17,82.9,68,0,7,2017,17,1772017
928,18-Jul-17,82,68,0.12,7,2017,18,1872017
929,19-Jul-17,93,72,0,7,2017,19,1972017
931,21-Jul-17,91,73,0,7,2017,21,2172017
933,23-Jul-17,77,64,0,7,2017,23,2372017
934,24-Jul-17,64.9,57,1.41,7,2017,24,2472017
935,25-Jul-17,64.9,55.9,0.01,7,2017,25,2572017
936,26-Jul-17,77,59,0,7,2017,26,2672017
937,27-Jul-17,75,63,0.04,7,2017,27,2772017
938,28-Jul-17,82,66,0,7,2017,28,2872017
939,29-Jul-17,71.1,60.1,0,7,2017,29,2972017
940,30-Jul-17,73,60.1,0,7,2017,30,3072017
941,31-Jul-17,80.1,61,0,7,2017,31,3172017
942,01-Aug-17,80.1,66.9,0,8,2017,1,182017
943,02-Aug-17,81,68,0.96,8,2017,2,282017
945,04-Aug-17,84.9,68,0,8,2017,4,482017
946,05-Aug-17,77,66.9,0.16,8,2017,5,582017
947,06-Aug-17,79,63,0,8,2017,6,682017
949,08-Aug-17,75,62.1,0,8,2017,8,882017
950,09-Aug-17,84.9,64.9,0,8,2017,9,982017
951,10-Aug-17,82,66,0,8,2017,10,1082017
952,11-Aug-17,77,63,0,8,2017,11,1182017
953,12-Aug-17,75.9,63,0.1,8,2017,12,1282017
954,13-Aug-17,86,70,0,8,2017,13,1382017
955,14-Aug-17,78.1,63,0,8,2017,14,1482017
956,15-Aug-17,80.1,66,0,8,2017,15,1582017
957,16-Aug-17,84.9,66,0,8,2017,16,1682017
958,17-Aug-17,82.9,63,0,8,2017,17,1782017
959,18-Aug-17,81,64.9,0.24,8,2017,18,1882017
960,19-Aug-17,73.9,64.9,0.01,8,2017,19,1982017
961,20-Aug-17,84.9,72,0,8,2017,20,2082017
962,21-Aug-17,87.1,69.1,0,8,2017,21,2182017
963,22-Aug-17,91,70,0,8,2017,22,2282017
964,23-Aug-17,84,69.1,0.04,8,2017,23,2382017
965,24-Aug-17,81,64,0,8,2017,24,2482017
967,26-Aug-17,73.9,60.1,0,8,2017,26,2682017
968,27-Aug-17,71.1,57.9,0,8,2017,27,2782017
969,28-Aug-17,72,57,0,8,2017,28,2882017
971,30-Aug-17,72,59,0.07,8,2017,30,3082017
972,31-Aug-17,79,60.1,0,8,2017,31,3182017
973,01-Sep-17,69.1,53.1,0,9,2017,1,192017
974,02-Sep-17,68,53.1,0,9,2017,2,292017
975,03-Sep-17,64,57,0.28,9,2017,3,392017
976,04-Sep-17,81,57.9,0,9,2017,4,492017
977,05-Sep-17,88,64.9,0,9,2017,5,592017
978,06-Sep-17,79,62.1,0.22,9,2017,6,692017
979,07-Sep-17,75.9,60.1,0.6,9,2017,7,792017
980,08-Sep-17,73.9,59,0,9,2017,8,892017
981,09-Sep-17,68,55,0.01,9,2017,9,992017
982,10-Sep-17,69.1,55.9,0,9,2017,10,1092017
983,11-Sep-17,80.1,55,0,9,2017,11,1192017
984,12-Sep-17,86,61,0,9,2017,12,1292017
985,13-Sep-17,78.1,64,0.03,9,2017,13,1392017
986,14-Sep-17,84,66.9,0.33,9,2017,14,1492017
987,15-Sep-17,77,66,0.21,9,2017,15,1592017
988,16-Sep-17,73,62.1,0,9,2017,16,1692017
989,17-Sep-17,73,61,0,9,2017,17,1792017
991,19-Sep-17,66,63,0.04,9,2017,19,1992017
992,20-Sep-17,72,63,0.27,9,2017,20,2092017
993,21-Sep-17,72,63,0,9,2017,21,2192017
994,22-Sep-17,63,57,0.16,9,2017,22,2292017
995,23-Sep-17,75.9,60.1,0.03,9,2017,23,2392017
996,24-Sep-17,79,61,0,9,2017,24,2492017
997,25-Sep-17,78.1,64,0,9,2017,25,2592017
998,26-Sep-17,80.1,63,0,9,2017,26,2692017
999,27-Sep-17,86,64.9,0,9,2017,27,2792017
1000,28-Sep-17,78.1,57,0,9,2017,28,2892017
1001,29-Sep-17,68,52,0,9,2017,29,2992017
1002,30-Sep-17,59,50,1.55,9,2017,30,3092017
1003,01-Oct-17,66,46.9,0,10,2017,1,1102017
1004,02-Oct-17,66,51.1,0,10,2017,2,2102017
1005,03-Oct-17,64.9,51.1,0,10,2017,3,3102017
1006,04-Oct-17,77,53.1,0,10,2017,4,4102017
1007,05-Oct-17,80.1,64,0,10,2017,5,5102017
1009,07-Oct-17,75.9,60.1,0,10,2017,7,7102017
1010,08-Oct-17,75,68,0.11,10,2017,8,8102017
1011,09-Oct-17,75,66.9,0.27,10,2017,9,9102017
1012,10-Oct-17,79,64.9,0,10,2017,10,10102017
1013,11-Oct-17,68,57,0.01,10,2017,11,11102017
1015,13-Oct-17,62.1,46.9,0,10,2017,13,13102017
1016,14-Oct-17,64,57,0.1,10,2017,14,14102017
1017,15-Oct-17,75,59,0,10,2017,15,15102017
1018,16-Oct-17,70,44.1,0,10,2017,16,16102017
1019,17-Oct-17,57.9,39.9,0,10,2017,17,17102017
1020,18-Oct-17,72,46.9,0,10,2017,18,18102017
1021,19-Oct-17,73.9,52,0,10,2017,19,19102017
1022,20-Oct-17,71.1,57.9,0,10,2017,20,20102017
1023,21-Oct-17,78.1,51.1,0,10,2017,21,21102017
1024,22-Oct-17,66,54,0,10,2017,22,22102017
1025,23-Oct-17,64,54,0,10,2017,23,23102017
1026,24-Oct-17,75,62.1,0.07,10,2017,24,24102017
1027,25-Oct-17,70,57.9,1.29,10,2017,25,25102017
1028,26-Oct-17,62.1,48.9,0.35,10,2017,26,26102017
1029,27-Oct-17,62.1,46.9,0,10,2017,27,27102017
1030,28-Oct-17,66.9,46,0,10,2017,28,28102017
1031,29-Oct-17,61,55.9,1,10,2017,29,29102017
1032,30-Oct-17,64.9,51.1,0.94,10,2017,30,30102017
1033,31-Oct-17,57.9,46,0,10,2017,31,31102017
1034,01-Nov-17,53.1,41,0,11,2017,1,1112017
1035,02-Nov-17,71.1,52,0,11,2017,2,2112017
1036,03-Nov-17,75,51.1,0.01,11,2017,3,3112017
1037,04-Nov-17,52,43,0,11,2017,4,4112017
1039,06-Nov-17,64,50,0.08,11,2017,6,6112017
1040,07-Nov-17,50,37,0.13,11,2017,7,7112017
1041,08-Nov-17,45,37,0.03,11,2017,8,8112017
1042,09-Nov-17,48,34,0,11,2017,9,9112017
1043,10-Nov-17,48.9,24.3,0.02,11,2017,10,10112017
1044,11-Nov-17,37,23.2,0,11,2017,11,11112017
1045,12-Nov-17,44.1,29.1,0,11,2017,12,12112017
1046,13-Nov-17,43,37,0.13,11,2017,13,13112017
1048,15-Nov-17,44.1,34,0,11,2017,15,15112017
1049,16-Nov-17,50,37.9,0.19,11,2017,16,16112017
1050,17-Nov-17,44.1,34,0,11,2017,17,17112017
1051,18-Nov-17,52,30.2,0.09,11,2017,18,18112017
1052,19-Nov-17,60.1,37.9,0.23,11,2017,19,19112017
1054,21-Nov-17,59,35.1,0,11,2017,21,21112017
1055,22-Nov-17,52,37.9,0.89,11,2017,22,22112017
1056,23-Nov-17,43,32,0,11,2017,23,23112017
1057,24-Nov-17,50,31.1,0,11,2017,24,24112017
1058,25-Nov-17,57.9,37.9,0,11,2017,25,25112017
1059,26-Nov-17,51.1,37,0,11,2017,26,26112017
1060,27-Nov-17,46.9,27.1,0,11,2017,27,27112017
1061,28-Nov-17,46.9,22.1,0,11,2017,28,28112017
1062,29-Nov-17,61,37.9,0,11,2017,29,29112017
1063,30-Nov-17,45,30.2,0,11,2017,30,30112017
1064,01-Dec-17,51.1,37.9,0.09,12,2017,1,1122017
1065,02-Dec-17,43,34,0,12,2017,2,2122017
1066,03-Dec-17,44.1,34,0,12,2017,3,3122017
1067,04-Dec-17,43,33.1,0,12,2017,4,4122017
1068,05-Dec-17,59,37.9,0.08,12,2017,5,5122017
1069,06-Dec-17,57.9,36,0.46,12,2017,6,6122017
1070,07-Dec-17,46.9,33.1,0,12,2017,7,7122017
1071,08-Dec-17,39,31.1,0,12,2017,8,8122017
1072,09-Dec-17,37,31.1,0.66,12,2017,9,9122017
1073,10-Dec-17,37.9,31.1,0.01,12,2017,10,10122017
1074,11-Dec-17,39,32,0,12,2017,11,11122017
1075,12-Dec-17,46,33.1,0.04,12,2017,12,12122017
1076,13-Dec-17,36,22.1,0,12,2017,13,13122017
1079,16-Dec-17,34,22.1,0,12,2017,16,16122017
1080,17-Dec-17,31.1,20.1,0,12,2017,17,17122017
1082,19-Dec-17,51.1,34,0,12,2017,19,19122017
1083,20-Dec-17,46.9,31.1,0,12,2017,20,20122017
1084,21-Dec-17,33.1,26.2,0,12,2017,21,21122017
1085,22-Dec-17,37.9,23.2,0.1,12,2017,22,22122017
1086,23-Dec-17,43,25.2,0.58,12,2017,23,23122017
1087,24-Dec-17,39,32,0,12,2017,24,24122017
1088,25-Dec-17,37.9,23.2,0.44,12,2017,25,25122017
1089,26-Dec-17,27.1,19.2,0,12,2017,26,26122017
1090,27-Dec-17,20.1,12.2,0,12,2017,27,27122017
1091,28-Dec-17,12.2,5.2,0,12,2017,28,28122017
1092,29-Dec-17,14.2,2.1,0,12,2017,29,29122017
1093,30-Dec-17,18.1,6.3,0.01,12,2017,30,30122017
1094,31-Dec-17,13.1,4.1,0,12,2017,31,31122017
1095,01-Jan-18,13.1,0.1,0,1,2018,1,112018
1096,02-Jan-18,19.2,4.1,0,1,2018,2,212018
1097,03-Jan-18,29.1,16.2,0,1,2018,3,312018
1098,04-Jan-18,30.2,22.1,1.35,1,2018,4,412018
1099,05-Jan-18,24.3,6.3,0,1,2018,5,512018
1100,06-Jan-18,12.2,1.2,0,1,2018,6,612018
1101,07-Jan-18,17.2,-1.8,0,1,2018,7,712018
1103,09-Jan-18,43,31.1,0,1,2018,9,912018
1104,10-Jan-18,36,25.2,0,1,2018,10,1012018
1105,11-Jan-18,51.1,33.1,0,1,2018,11,1112018
1106,12-Jan-18,60.1,39,0.62,1,2018,12,1212018
1107,13-Jan-18,61,19.2,1.24,1,2018,13,1312018
1108,14-Jan-18,23.2,14.2,0,1,2018,14,1412018
1110,16-Jan-18,33.1,20.1,0,1,2018,16,1612018
1111,17-Jan-18,34,31.1,0.21,1,2018,17,1712018
1112,18-Jan-18,32,21.2,0,1,2018,18,1812018
1113,19-Jan-18,34,23.2,0,1,2018,19,1912018
1114,20-Jan-18,46.9,29.1,0,1,2018,20,2012018
1115,21-Jan-18,48.9,34,0,1,2018,21,2112018
1116,22-Jan-18,39,34,0.06,1,2018,22,2212018
1117,23-Jan-18,55,32,1.26,1,2018,23,2312018
1118,24-Jan-18,42.1,24.3,0,1,2018,24,2412018
1119,25-Jan-18,30.2,21.2,0,1,2018,25,2512018
1120,26-Jan-18,34,19.2,0,1,2018,26,2612018
1121,27-Jan-18,53.1,25.2,0,1,2018,27,2712018
1122,28-Jan-18,52,43,0.03,1,2018,28,2812018
1124,30-Jan-18,31.1,20.1,0.15,1,2018,30,3012018
1125,31-Jan-18,30.2,18.1,0,1,2018,31,3112018
1126,01-Feb-18,46,30.2,0.04,2,2018,1,122018
1127,02-Feb-18,37.9,12.2,0.25,2,2018,2,222018
1128,03-Feb-18,28.2,10.2,0,2,2018,3,322018
1129,04-Feb-18,43,26.2,0.29,2,2018,4,422018
1130,05-Feb-18,43,24.3,0.36,2,2018,5,522018
1132,07-Feb-18,43,23.2,0.65,2,2018,7,722018
1133,08-Feb-18,34,22.1,0,2,2018,8,822018
1134,09-Feb-18,32,22.1,0,2,2018,9,922018
1135,10-Feb-18,52,30.2,0.16,2,2018,10,1022018
1136,11-Feb-18,48.9,37.9,0.69,2,2018,11,1122018
1137,12-Feb-18,48,33.1,0,2,2018,12,1222018
1138,13-Feb-18,33.1,25.2,0,2,2018,13,1322018
1139,14-Feb-18,46.9,28.2,0,2,2018,14,1422018
1141,16-Feb-18,54,34,0.02,2,2018,16,1622018
1142,17-Feb-18,35.1,27.1,0.17,2,2018,17,1722018
1143,18-Feb-18,44.1,32,0.35,2,2018,18,1822018
1144,19-Feb-18,50,26.2,0.06,2,2018,19,1922018
1145,20-Feb-18,70,42.1,0.01,2,2018,20,2022018
1146,21-Feb-18,72,41,0,2,2018,21,2122018
1147,22-Feb-18,55,32,0.08,2,2018,22,2222018
1148,23-Feb-18,39.9,31.1,0.12,2,2018,23,2322018
1149,24-Feb-18,55,37,0,2,2018,24,2422018
1150,25-Feb-18,41,37,0.51,2,2018,25,2522018
1151,26-Feb-18,51.1,37.9,0,2,2018,26,2622018
1152,27-Feb-18,53.1,36,0,2,2018,27,2722018
1153,28-Feb-18,60.1,39,0.01,2,2018,28,2822018
1154,01-Mar-18,60.1,39.9,0,3,2018,1,132018
1155,02-Mar-18,43,35.1,2.3,3,2018,2,232018
1158,05-Mar-18,44.1,32,0.05,3,2018,5,532018
1160,07-Mar-18,39,33.1,0.55,3,2018,7,732018
1161,08-Mar-18,37.9,31.1,0.71,3,2018,8,832018
1164,11-Mar-18,44.1,31.1,0,3,2018,11,1132018
1166,13-Mar-18,37.9,28.2,1.15,3,2018,13,1332018
1167,14-Mar-18,41,29.1,0.03,3,2018,14,1432018
1168,15-Mar-18,43,32,0.01,3,2018,15,1532018
1169,16-Mar-18,37.9,28.2,0,3,2018,16,1632018
1170,17-Mar-18,42.1,19.2,0,3,2018,17,1732018
1171,18-Mar-18,33.1,16.2,0,3,2018,18,1832018
1172,19-Mar-18,37.9,21.2,0,3,2018,19,1932018
1173,20-Mar-18,39,24.3,0,3,2018,20,2032018
1175,22-Mar-18,42.1,32,0.09,3,2018,22,2232018
1176,23-Mar-18,42.1,35.1,0,3,2018,23,2332018
1177,24-Mar-18,46,34,0.01,3,2018,24,2432018
1178,25-Mar-18,39,32,0.07,3,2018,25,2532018
1179,26-Mar-18,39.9,29.1,0,3,2018,26,2632018
1180,27-Mar-18,42.1,28.2,0,3,2018,27,2732018
1181,28-Mar-18,54,36,0.01,3,2018,28,2832018
1182,29-Mar-18,50,37,0.01,3,2018,29,2932018
1183,30-Mar-18,64,43,0.08,3,2018,30,3032018
1184,31-Mar-18,57,39,0,3,2018,31,3132018
1185,01-Apr-18,59,37,0,4,2018,1,142018
1186,02-Apr-18,39.9,31.1,0.11,4,2018,2,242018
1187,03-Apr-18,48,32,0.47,4,2018,3,342018
1188,04-Apr-18,57.9,39,0.2,4,2018,4,442018
1189,05-Apr-18,43,30.2,0,4,2018,5,542018
1190,06-Apr-18,43,29.1,0.21,4,2018,6,642018
1191,07-Apr-18,46.9,35.1,0.01,4,2018,7,742018
1192,08-Apr-18,42.1,32,0,4,2018,8,842018
1193,09-Apr-18,46,30.2,0,4,2018,9,942018
1195,11-Apr-18,45,30.2,0,4,2018,11,1142018
1196,12-Apr-18,55,36,0.06,4,2018,12,1242018
1198,14-Apr-18,52,37.9,0,4,2018,14,1442018
1199,15-Apr-18,39,33.1,0.04,4,2018,15,1542018
1200,16-Apr-18,53.1,36,1.57,4,2018,16,1642018
1201,17-Apr-18,50,39.9,0,4,2018,17,1742018
1202,18-Apr-18,53.1,36,0,4,2018,18,1842018
1203,19-Apr-18,44.1,36,0.23,4,2018,19,1942018
1204,20-Apr-18,53.1,36,0,4,2018,20,2042018
1205,21-Apr-18,59,39,0,4,2018,21,2142018
1206,22-Apr-18,62.1,42.1,0,4,2018,22,2242018
1207,23-Apr-18,57.9,43,0,4,2018,23,2342018
1208,24-Apr-18,69.1,42.1,0,4,2018,24,2442018
1209,25-Apr-18,55.9,46.9,0.72,4,2018,25,2542018
1210,26-Apr-18,68,50,0.21,4,2018,26,2642018
1211,27-Apr-18,57,46,0.54,4,2018,27,2742018
1212,28-Apr-18,70,46,0,4,2018,28,2842018
1213,29-Apr-18,60.1,43,0.05,4,2018,29,2942018
1214,30-Apr-18,48,39.9,0.2,4,2018,30,3042018
1215,01-May-18,66.9,44.1,0,5,2018,1,152018
1216,02-May-18,89.1,57.9,0,5,2018,2,252018
1217,03-May-18,90,61,0.09,5,2018,3,352018
1219,05-May-18,75,57.9,0,5,2018,5,552018
1220,06-May-18,66.9,50,0.19,5,2018,6,652018
1221,07-May-18,61,48,0,5,2018,7,752018
1222,08-May-18,60.1,45,0,5,2018,8,852018
1224,10-May-18,71.1,48.9,0,5,2018,10,1052018
1225,11-May-18,70,52,0,5,2018,11,1152018
1226,12-May-18,53.1,48.9,0.21,5,2018,12,1252018
1227,13-May-18,54,48,0,5,2018,13,1352018
1228,14-May-18,69.1,48.9,0,5,2018,14,1452018
1229,15-May-18,84.9,57.9,1,5,2018,15,1552018
1231,17-May-18,71.1,51.1,0,5,2018,17,1752018
1232,18-May-18,64.9,46.9,0,5,2018,18,1852018
1233,19-May-18,55,46,0.2,5,2018,19,1952018
1234,20-May-18,81,54,0.08,5,2018,20,2052018
1235,21-May-18,80.1,57,0,5,2018,21,2152018
1236,22-May-18,66.9,54,0.03,5,2018,22,2252018
1237,23-May-18,84,54,0.02,5,2018,23,2352018
1238,24-May-18,68,53.1,0,5,2018,24,2452018
1239,25-May-18,88,54,0,5,2018,25,2552018
1241,27-May-18,61,50,0.02,5,2018,27,2752018
1242,28-May-18,59,50,0.06,5,2018,28,2852018
1243,29-May-18,84.9,57.9,0,5,2018,29,2952018
1244,30-May-18,69.1,60.1,0,5,2018,30,3052018
1245,31-May-18,82.9,55.9,0,5,2018,31,3152018
1246,01-Jun-18,79,64,0.01,6,2018,1,162018
1247,02-Jun-18,81,57,0.01,6,2018,2,262018
1248,03-Jun-18,60.1,50,0,6,2018,3,362018
1249,04-Jun-18,53.1,48.9,0.62,6,2018,4,462018
1250,05-Jun-18,61,48.9,0.34,6,2018,5,562018
1251,06-Jun-18,62.1,53.1,0,6,2018,6,662018
1252,07-Jun-18,72,54,0,6,2018,7,762018
1254,09-Jun-18,80.1,62.1,0,6,2018,9,962018
1255,10-Jun-18,72,60.1,0,6,2018,10,1062018
1256,11-Jun-18,64,55.9,0,6,2018,11,1162018
1257,12-Jun-18,80.1,54,0,6,2018,12,1262018
1259,14-Jun-18,79,57,0,6,2018,14,1462018
1261,16-Jun-18,84.9,55.9,0,6,2018,16,1662018
1262,17-Jun-18,81,62.1,0,6,2018,17,1762018
1263,18-Jun-18,89.1,66,0.13,6,2018,18,1862018
1264,19-Jun-18,84,68,0.01,6,2018,19,1962018
1265,20-Jun-18,84.9,63,0,6,2018,20,2062018
1266,21-Jun-18,80.1,64,0,6,2018,21,2162018
1267,22-Jun-18,70,60.1,0,6,2018,22,2262018
1269,24-Jun-18,77,59,0.26,6,2018,24,2462018
1270,25-Jun-18,73.9,61,0.33,6,2018,25,2562018
1271,26-Jun-18,79,60.1,0,6,2018,26,2662018
1272,27-Jun-18,80.1,63,0.09,6,2018,27,2762018
1273,28-Jun-18,75.9,64.9,1.16,6,2018,28,2862018
1274,29-Jun-18,90,72,0,6,2018,29,2962018
1275,30-Jun-18,91.9,75,0,6,2018,30,3062018
1276,01-Jul-18,91.9,70,0,7,2018,1,172018
1277,02-Jul-18,84,69.1,0,7,2018,2,272018
1278,03-Jul-18,98.1,73,0.01,7,2018,3,372018
1279,04-Jul-18,87.1,73,0,7,2018,4,472018
1280,05-Jul-18,93.9,73.9,0,7,2018,5,572018
1281,06-Jul-18,86,64.9,0.35,7,2018,6,672018
1282,07-Jul-18,75,61,0,7,2018,7,772018
1283,08-Jul-18,81,61,0,7,2018,8,872018
1284,09-Jul-18,91,64.9,0,7,2018,9,972018
1286,11-Jul-18,75,66,0.19,7,2018,11,1172018
1287,12-Jul-18,73.9,64.9,0,7,2018,12,1272018
1288,13-Jul-18,78.1,64,0,7,2018,13,1372018
1289,14-Jul-18,75.9,63,0.31,7,2018,14,1472018
1290,15-Jul-18,79,66.9,0.01,7,2018,15,1572018
1291,16-Jul-18,77,66.9,0,7,2018,16,1672018
1292,17-Jul-18,91,69.1,2.68,7,2018,17,1772018
1293,18-Jul-18,82.9,69.1,0.06,7,2018,18,1872018
1294,19-Jul-18,77,64.9,0,7,2018,19,1972018
1295,20-Jul-18,79,66,0,7,2018,20,2072018
1296,21-Jul-18,73.9,63,0,7,2018,21,2172018
1297,22-Jul-18,78.1,66.9,0.17,7,2018,22,2272018
1298,23-Jul-18,86,75,0.03,7,2018,23,2372018
1299,24-Jul-18,88,73,0,7,2018,24,2472018
1300,25-Jul-18,87.1,75,0.14,7,2018,25,2572018
1301,26-Jul-18,86,73,0.6,7,2018,26,2672018
1302,27-Jul-18,90,71.1,0,7,2018,27,2772018
1303,28-Jul-18,87.1,72,0,7,2018,28,2872018
1304,29-Jul-18,84,73.9,0,7,2018,29,2972018
1305,30-Jul-18,82,70,0,7,2018,30,3072018
1306,31-Jul-18,82,69.1,0,7,2018,31,3172018
1309,03-Aug-18,91,77,0.06,8,2018,3,382018
1310,04-Aug-18,84.9,73,0.64,8,2018,4,482018
1311,05-Aug-18,87.1,70,0,8,2018,5,582018
1312,06-Aug-18,96.1,73,0,8,2018,6,682018
1313,07-Aug-18,95,77,0,8,2018,7,782018
1314,08-Aug-18,84.9,73.9,0.98,8,2018,8,882018
1315,09-Aug-18,90,73.9,0.06,8,2018,9,982018
1316,10-Aug-18,88,72,0,8,2018,10,1082018
1317,11-Aug-18,73,66.9,0.39,8,2018,11,1182018
1318,12-Aug-18,75,66.9,1.38,8,2018,12,1282018
1319,13-Aug-18,73.9,68,0.29,8,2018,13,1382018
1320,14-Aug-18,80.1,69.1,0.01,8,2018,14,1482018
1321,15-Aug-18,88,70,0,8,2018,15,1582018
1322,16-Aug-18,91,75,0,8,2018,16,1682018
1323,17-Aug-18,80.1,70,0.2,8,2018,17,1782018
1324,18-Aug-18,88,66.9,0.13,8,2018,18,1882018
1325,19-Aug-18,73,66.9,0.01,8,2018,19,1982018
1326,20-Aug-18,73.9,66.9,0,8,2018,20,2082018
1327,21-Aug-18,72,64.9,0,8,2018,21,2182018
1328,22-Aug-18,84,66,0.5,8,2018,22,2282018
1330,24-Aug-18,84.9,62.1,0,8,2018,24,2482018
1331,25-Aug-18,82,66,0,8,2018,25,2582018
1332,26-Aug-18,84,62.1,0,8,2018,26,2682018
1333,27-Aug-18,90,73,0,8,2018,27,2782018
1334,28-Aug-18,97,75,0,8,2018,28,2882018
1335,29-Aug-18,98.1,81,0,8,2018,29,2982018
1336,30-Aug-18,91.9,71.1,0,8,2018,30,3082018
1337,31-Aug-18,73,63,0,8,2018,31,3182018
1338,01-Sep-18,73.9,63,0,9,2018,1,192018
1339,02-Sep-18,84,64,0,9,2018,2,292018
1340,03-Sep-18,96.1,73,0,9,2018,3,392018
1341,04-Sep-18,87.1,73,0,9,2018,4,492018
1342,05-Sep-18,91.9,71.1,0,9,2018,5,592018
1343,06-Sep-18,97,73.9,0.03,9,2018,6,692018
1346,09-Sep-18,64.9,57,0,9,2018,9,992018
1347,10-Sep-18,68,62.1,0.76,9,2018,10,1092018
1348,11-Sep-18,75,64.9,0.53,9,2018,11,1192018
1349,12-Sep-18,70,66,0.26,9,2018,12,1292018
1350,13-Sep-18,71.1,64.9,0.44,9,2018,13,1392018
1351,14-Sep-18,75,64.9,0,9,2018,14,1492018
1353,16-Sep-18,81,63,0,9,2018,16,1692018
1355,18-Sep-18,77,69.1,1.15,9,2018,18,1892018
1358,21-Sep-18,73,61,0,9,2018,21,2192018
1359,22-Sep-18,73,57,0.03,9,2018,22,2292018
1360,23-Sep-18,64.9,53.1,0,9,2018,23,2392018
1361,24-Sep-18,60.1,54,0,9,2018,24,2492018
1362,25-Sep-18,71.1,57,1.24,9,2018,25,2592018
1363,26-Sep-18,84,68,0.28,9,2018,26,2692018
1364,27-Sep-18,71.1,61,0.05,9,2018,27,2792018
1365,28-Sep-18,62.1,57.9,0.35,9,2018,28,2892018
1366,29-Sep-18,73.9,55,0,9,2018,29,2992018
1367,30-Sep-18,70,54,0,9,2018,30,3092018
1368,01-Oct-18,68,57,0.06,10,2018,1,1102018
1369,02-Oct-18,64,57,0.29,10,2018,2,2102018
1370,03-Oct-18,64,54,0.21,10,2018,3,3102018
1371,04-Oct-18,73,59,0,10,2018,4,4102018
1372,05-Oct-18,69.1,53.1,0,10,2018,5,5102018
1373,06-Oct-18,63,51.1,0,10,2018,6,6102018
1374,07-Oct-18,80.1,60.1,0.1,10,2018,7,7102018
1376,09-Oct-18,80.1,57.9,0,10,2018,9,9102018
1377,10-Oct-18,86,68,0,10,2018,10,10102018
1378,11-Oct-18,72,57.9,0.6,10,2018,11,11102018
1379,12-Oct-18,63,51.1,0.09,10,2018,12,12102018
1380,13-Oct-18,54,46,0.13,10,2018,13,13102018
1381,14-Oct-18,59,45,0,10,2018,14,14102018
1382,15-Oct-18,70,45,0.07,10,2018,15,15102018
1383,16-Oct-18,60.1,46.9,0.03,10,2018,16,16102018
1386,19-Oct-18,63,37,0,10,2018,19,19102018
1388,21-Oct-18,53.1,37,0.03,10,2018,21,21102018
1389,22-Oct-18,54,34,0,10,2018,22,22102018
1390,23-Oct-18,55.9,41,0.41,10,2018,23,23102018
1391,24-Oct-18,48.9,41,0.04,10,2018,24,24102018
1392,25-Oct-18,51.1,37,0,10,2018,25,25102018
1393,26-Oct-18,48,34,0,10,2018,26,26102018
1394,27-Oct-18,52,43,1.17,10,2018,27,27102018
1395,28-Oct-18,54,43,0.03,10,2018,28,28102018
1396,29-Oct-18,60.1,44.1,0.52,10,2018,29,29102018
1397,30-Oct-18,50,39,0,10,2018,30,30102018
1398,31-Oct-18,57.9,37,0,10,2018,31,31102018
1399,01-Nov-18,64,53.1,0.01,11,2018,1,1112018
1400,02-Nov-18,70,53.1,0.36,11,2018,2,2112018
1401,03-Nov-18,68,46.9,1.39,11,2018,3,3112018
1402,04-Nov-18,55.9,42.1,0,11,2018,4,4112018
1403,05-Nov-18,52,46,0.36,11,2018,5,5112018
1404,06-Nov-18,60.1,48,0.78,11,2018,6,6112018
1405,07-Nov-18,64,53.1,0,11,2018,7,7112018
1406,08-Nov-18,57,44.1,0,11,2018,8,8112018
1407,09-Nov-18,50,37.9,1.1,11,2018,9,9112018
1408,10-Nov-18,50,37,0.45,11,2018,10,10112018
1409,11-Nov-18,46,35.1,0,11,2018,11,11112018
1410,12-Nov-18,50,33.1,0,11,2018,12,12112018
1411,13-Nov-18,54,42.1,1.1,11,2018,13,13112018
1412,14-Nov-18,42.1,25.2,0,11,2018,14,14112018
1413,15-Nov-18,37.9,23.2,0.46,11,2018,15,15112018
1414,16-Nov-18,46,35.1,0.57,11,2018,16,16112018
1415,17-Nov-18,50,37,0,11,2018,17,17112018
1416,18-Nov-18,41,37.9,0,11,2018,18,18112018
1417,19-Nov-18,41,36,0.17,11,2018,19,19112018
1418,20-Nov-18,42.1,35.1,0.4,11,2018,20,20112018
1420,22-Nov-18,24.3,14.2,0,11,2018,22,22112018
1421,23-Nov-18,32,15.3,0,11,2018,23,23112018
1422,24-Nov-18,46.9,29.1,0,11,2018,24,24112018
1423,25-Nov-18,48.9,42.1,0.78,11,2018,25,25112018
1424,26-Nov-18,46.9,42.1,0.87,11,2018,26,26112018
1425,27-Nov-18,48.9,37.9,0.46,11,2018,27,27112018
1426,28-Nov-18,44.1,36,0,11,2018,28,28112018
1427,29-Nov-18,46,37,0,11,2018,29,29112018
1428,30-Nov-18,44.1,33.1,0,11,2018,30,30112018
1429,01-Dec-18,45,35.1,0,12,2018,1,1122018
1430,02-Dec-18,51.1,41,0.75,12,2018,2,2122018
1432,04-Dec-18,44.1,27.1,0,12,2018,4,4122018
1433,05-Dec-18,36,25.2,0,12,2018,5,5122018
1435,07-Dec-18,39.9,26.2,0,12,2018,7,7122018
1436,08-Dec-18,31.1,20.1,0,12,2018,8,8122018
1437,09-Dec-18,37,23.2,0,12,2018,9,9122018
1438,10-Dec-18,39,26.2,0,12,2018,10,10122018
1439,11-Dec-18,37.9,23.2,0,12,2018,11,11122018
1440,12-Dec-18,39,24.3,0,12,2018,12,12122018
1441,13-Dec-18,35.1,21.2,0,12,2018,13,13122018
1442,14-Dec-18,46,29.1,0,12,2018,14,14122018
1443,15-Dec-18,55,39.9,0,12,2018,15,15122018
1444,16-Dec-18,45,41,0.54,12,2018,16,16122018
1445,17-Dec-18,43,36,0.04,12,2018,17,17122018
1446,18-Dec-18,39,25.2,0.02,12,2018,18,18122018
1447,19-Dec-18,42.1,24.3,0,12,2018,19,19122018
1448,20-Dec-18,50,32,0,12,2018,20,20122018
1449,21-Dec-18,64.9,43,0.61,12,2018,21,21122018
1450,22-Dec-18,55.9,37,0.02,12,2018,22,22122018
1451,23-Dec-18,43,33.1,0,12,2018,23,23122018
1453,25-Dec-18,39,29.1,0,12,2018,25,25122018
1454,26-Dec-18,39.9,26.2,0,12,2018,26,26122018
1455,27-Dec-18,37.9,30.2,0,12,2018,27,27122018
1456,28-Dec-18,57,34,0.33,12,2018,28,28122018
1457,29-Dec-18,54,32,0,12,2018,29,29122018
1458,30-Dec-18,34,26.2,0,12,2018,30,30122018
